path,final_status,redirect_hops,final_url,canonical,h1,title,meta_robots,x_robots_tag,visible_noindex,chain
/collections/blanco-y-negro-murales,404,0,https://www.matchwalls.com/collections/blanco-y-negro-murales,https://www.matchwalls.com/404,,404 No encontrado,,,no,404 https://www.matchwalls.com/collections/blanco-y-negro-murales
/collections/murales-en-amarillo,404,0,https://www.matchwalls.com/collections/murales-en-amarillo,https://www.matchwalls.com/404,,404 No encontrado,,,no,404 https://www.matchwalls.com/collections/murales-en-amarillo
/collections/murales-en-azul,404,0,https://www.matchwalls.com/collections/murales-en-azul,https://www.matchwalls.com/404,,404 No encontrado,,,no,404 https://www.matchwalls.com/collections/murales-en-azul
/collections/murales-en-beige,404,0,https://www.matchwalls.com/collections/murales-en-beige,https://www.matchwalls.com/404,,404 No encontrado,,,no,404 https://www.matchwalls.com/collections/murales-en-beige
/collections/murales-en-blanco,404,0,https://www.matchwalls.com/collections/murales-en-blanco,https://www.matchwalls.com/404,,404 No encontrado,,,no,404 https://www.matchwalls.com/collections/murales-en-blanco
/collections/murales-en-dorado,404,0,https://www.matchwalls.com/collections/murales-en-dorado,https://www.matchwalls.com/404,,404 No encontrado,,,no,404 https://www.matchwalls.com/collections/murales-en-dorado
/collections/murales-en-gris,404,0,https://www.matchwalls.com/collections/murales-en-gris,https://www.matchwalls.com/404,,404 No encontrado,,,no,404 https://www.matchwalls.com/collections/murales-en-gris
/collections/murales-en-lila,404,0,https://www.matchwalls.com/collections/murales-en-lila,https://www.matchwalls.com/404,,404 No encontrado,,,no,404 https://www.matchwalls.com/collections/murales-en-lila
/collections/murales-en-marron,404,0,https://www.matchwalls.com/collections/murales-en-marron,https://www.matchwalls.com/404,,404 No encontrado,,,no,404 https://www.matchwalls.com/collections/murales-en-marron
/collections/murales-en-multicolor,404,0,https://www.matchwalls.com/collections/murales-en-multicolor,https://www.matchwalls.com/404,,404 No encontrado,,,no,404 https://www.matchwalls.com/collections/murales-en-multicolor
/collections/murales-en-negro,404,0,https://www.matchwalls.com/collections/murales-en-negro,https://www.matchwalls.com/404,,404 No encontrado,,,no,404 https://www.matchwalls.com/collections/murales-en-negro
/collections/murales-en-plateado,404,0,https://www.matchwalls.com/collections/murales-en-plateado,https://www.matchwalls.com/404,,404 No encontrado,,,no,404 https://www.matchwalls.com/collections/murales-en-plateado
/collections/murales-en-rosa,404,0,https://www.matchwalls.com/collections/murales-en-rosa,https://www.matchwalls.com/404,,404 No encontrado,,,no,404 https://www.matchwalls.com/collections/murales-en-rosa
/collections/murales-en-verde,404,0,https://www.matchwalls.com/collections/murales-en-verde,https://www.matchwalls.com/404,,404 No encontrado,,,no,404 https://www.matchwalls.com/collections/murales-en-verde
/collections/papeles-pintados-color-amarillo,200,0,https://www.matchwalls.com/collections/papeles-pintados-color-amarillo,https://www.matchwalls.com/collections/papeles-pintados-color-amarillo,Papel Pintado Amarillo,Papel Pintado Amarillo - MatchWalls,,,no,200 https://www.matchwalls.com/collections/papeles-pintados-color-amarillo
/collections/papeles-pintados-color-azul,200,0,https://www.matchwalls.com/collections/papeles-pintados-color-azul,https://www.matchwalls.com/collections/papeles-pintados-color-azul,Papel Pintado Azul,Papel Pintado Azul - MatchWalls,,,no,200 https://www.matchwalls.com/collections/papeles-pintados-color-azul
/collections/papeles-pintados-color-beige,200,0,https://www.matchwalls.com/collections/papeles-pintados-color-beige,https://www.matchwalls.com/collections/papeles-pintados-color-beige,Papel Pintado Beige,Papel Pintado Beige - MatchWalls,,,no,200 https://www.matchwalls.com/collections/papeles-pintados-color-beige
/collections/papeles-pintados-color-blanco,200,0,https://www.matchwalls.com/collections/papeles-pintados-color-blanco,https://www.matchwalls.com/collections/papeles-pintados-color-blanco,Papel Pintado Blanco,Papel Pintado Blanco - MatchWalls,,,no,200 https://www.matchwalls.com/collections/papeles-pintados-color-blanco
/collections/papeles-pintados-color-blanco-y-negro,200,0,https://www.matchwalls.com/collections/papeles-pintados-color-blanco-y-negro,https://www.matchwalls.com/collections/papeles-pintados-color-blanco-y-negro,Papel Pintado Blanco y Negro,Papel Pintado Blanco y Negro - MatchWalls,,,no,200 https://www.matchwalls.com/collections/papeles-pintados-color-blanco-y-negro
/collections/papeles-pintados-color-dorado,200,0,https://www.matchwalls.com/collections/papeles-pintados-color-dorado,https://www.matchwalls.com/collections/papeles-pintados-color-dorado,Papel Pintado Dorado,Papel Pintado Dorado - Diseños lujosos y sofisticados,,,no,200 https://www.matchwalls.com/collections/papeles-pintados-color-dorado
/collections/papeles-pintados-color-gris,200,0,https://www.matchwalls.com/collections/papeles-pintados-color-gris,https://www.matchwalls.com/collections/papeles-pintados-color-gris,Papel Pintado Gris,Papel Pintado Gris - MatchWalls,,,no,200 https://www.matchwalls.com/collections/papeles-pintados-color-gris
/collections/papeles-pintados-color-lila,200,0,https://www.matchwalls.com/collections/papeles-pintados-color-lila,https://www.matchwalls.com/collections/papeles-pintados-color-lila,Papel Pintado Lila,Papel Pintado Lila - Diseños modernos - MatchWalls,,,no,200 https://www.matchwalls.com/collections/papeles-pintados-color-lila
/collections/papeles-pintados-color-marron,200,0,https://www.matchwalls.com/collections/papeles-pintados-color-marron,https://www.matchwalls.com/collections/papeles-pintados-color-marron,Papel Pintado Marrón,Papel Pintado Marrón - MatchWalls,,,no,200 https://www.matchwalls.com/collections/papeles-pintados-color-marron
/collections/papeles-pintados-color-multicolor,200,0,https://www.matchwalls.com/collections/papeles-pintados-color-multicolor,https://www.matchwalls.com/collections/papeles-pintados-color-multicolor,Papel Pintado Multicolor,Papel Pintado Multicolor - Diseños modernos - MatchWalls,,,no,200 https://www.matchwalls.com/collections/papeles-pintados-color-multicolor
/collections/papeles-pintados-color-negro,200,0,https://www.matchwalls.com/collections/papeles-pintados-color-negro,https://www.matchwalls.com/collections/papeles-pintados-color-negro,Papel Pintado Negro,Papel Pintado Negro - MatchWalls,,,no,200 https://www.matchwalls.com/collections/papeles-pintados-color-negro
/collections/papeles-pintados-color-plateado,200,0,https://www.matchwalls.com/collections/papeles-pintados-color-plateado,https://www.matchwalls.com/collections/papeles-pintados-color-plateado,Papel Pintado Plateado,Papel Pintado Plateado - Diseños modernos - MatchWalls,,,no,200 https://www.matchwalls.com/collections/papeles-pintados-color-plateado
/collections/papeles-pintados-color-rosa,200,0,https://www.matchwalls.com/collections/papeles-pintados-color-rosa,https://www.matchwalls.com/collections/papeles-pintados-color-rosa,Papel Pintado Rosa,Papel Pintado Rosa - MatchWalls,,,no,200 https://www.matchwalls.com/collections/papeles-pintados-color-rosa
/collections/papeles-pintados-color-verde,200,0,https://www.matchwalls.com/collections/papeles-pintados-color-verde,https://www.matchwalls.com/collections/papeles-pintados-color-verde,Papel Pintado Verde,Papel Pintado Verde - Diseños modernos - MatchWalls,,,no,200 https://www.matchwalls.com/collections/papeles-pintados-color-verde
