url,section,language,handle,flags_current_inferred
https://www.matchwalls.com/de/products/beige-classic-ladies-probe,products,de,beige-classic-ladies-probe,
https://www.matchwalls.com/de/products/beige-streifen-verspielte-streifen,products,de,beige-streifen-verspielte-streifen,
https://www.matchwalls.com/de/products/beige-zeitgenossische-klassische-probe,products,de,beige-zeitgenossische-klassische-probe,
https://www.matchwalls.com/de/products/beige-zeitgenossische-tartan-probe,products,de,beige-zeitgenossische-tartan-probe,
https://www.matchwalls.com/de/products/blaue-kosmische-tanzprobe,products,de,blaue-kosmische-tanzprobe,
https://www.matchwalls.com/de/products/blue-classic-grid-probe,products,de,blue-classic-grid-probe,
https://www.matchwalls.com/de/products/blue-classic-ladies-probe,products,de,blue-classic-ladies-probe,
https://www.matchwalls.com/de/products/blue-contemporary-classic-probe,products,de,blue-contemporary-classic-probe,
https://www.matchwalls.com/de/products/blue-contemporary-tartan-probe,products,de,blue-contemporary-tartan-probe,
https://www.matchwalls.com/de/products/blue-forest-whispering-probe,products,de,blue-forest-whispering-probe,
https://www.matchwalls.com/de/products/blue-harmony-stripe-probe,products,de,blue-harmony-stripe-probe,
https://www.matchwalls.com/de/products/blue-letter-puzzle-probe,products,de,blue-letter-puzzle-probe,
https://www.matchwalls.com/de/products/blue-peaks-probe,products,de,blue-peaks-probe,
https://www.matchwalls.com/de/products/blue-world-explorer-probe,products,de,blue-world-explorer-probe,
https://www.matchwalls.com/de/products/brown-suctan-probe,products,de,brown-suctan-probe,
https://www.matchwalls.com/de/products/cityscape-confetti-beige-probe,products,de,cityscape-confetti-beige-probe,
https://www.matchwalls.com/de/products/cityscape-confetti-blue-probe,products,de,cityscape-confetti-blue-probe,
https://www.matchwalls.com/de/products/cityscape-confetti-green-probe,products,de,cityscape-confetti-green-probe,
https://www.matchwalls.com/de/products/cityscape-confetti-pink-probe,products,de,cityscape-confetti-pink-probe,
https://www.matchwalls.com/de/products/dschungel-safari-abenteuerprobe,products,de,dschungel-safari-abenteuerprobe,
https://www.matchwalls.com/de/products/floral-symphony-multicolor-probe,products,de,floral-symphony-multicolor-probe,
https://www.matchwalls.com/de/products/gelbe-zeitgenossische-tartan-probe,products,de,gelbe-zeitgenossische-tartan-probe,
https://www.matchwalls.com/de/products/golden-waldlila-probe,products,de,golden-waldlila-probe,
https://www.matchwalls.com/de/products/golden-waldprobe-gelb,products,de,golden-waldprobe-gelb,
https://www.matchwalls.com/de/products/golden-woodland-braune-probe,products,de,golden-woodland-braune-probe,
https://www.matchwalls.com/de/products/goldene-waldgoldene-probe,products,de,goldene-waldgoldene-probe,
https://www.matchwalls.com/de/products/goldene-waldrosenprobe,products,de,goldene-waldrosenprobe,
https://www.matchwalls.com/de/products/graue-zeitgenossische-klassische-probe,products,de,graue-zeitgenossische-klassische-probe,
https://www.matchwalls.com/de/products/graue-zeitgenossische-tartanprobe,products,de,graue-zeitgenossische-tartanprobe,
https://www.matchwalls.com/de/products/green-classic-grid-probe,products,de,green-classic-grid-probe,
https://www.matchwalls.com/de/products/green-classic-ladies-probe,products,de,green-classic-ladies-probe,
https://www.matchwalls.com/de/products/green-letter-puzzle-probe,products,de,green-letter-puzzle-probe,
https://www.matchwalls.com/de/products/grey-classic-grid-probe,products,de,grey-classic-grid-probe,
https://www.matchwalls.com/de/products/grey-classic-ladies-probe,products,de,grey-classic-ladies-probe,
https://www.matchwalls.com/de/products/grey-peaks-probe,products,de,grey-peaks-probe,
https://www.matchwalls.com/de/products/grey-world-explorer-probe,products,de,grey-world-explorer-probe,
https://www.matchwalls.com/de/products/grune-peaks-probe,products,de,grune-peaks-probe,
https://www.matchwalls.com/de/products/grune-wald-flusternde-probe,products,de,grune-wald-flusternde-probe,
https://www.matchwalls.com/de/products/grune-wiesentraume-probe,products,de,grune-wiesentraume-probe,
https://www.matchwalls.com/de/products/grune-zeitgenossische-klassische-probe,products,de,grune-zeitgenossische-klassische-probe,
https://www.matchwalls.com/de/products/grune-zeitgenossische-tartanprobe,products,de,grune-zeitgenossische-tartanprobe,
https://www.matchwalls.com/de/products/gruner-valle-azul-probe,products,de,gruner-valle-azul-probe,
https://www.matchwalls.com/de/products/gruner-valle-rosa-probe,products,de,gruner-valle-rosa-probe,
https://www.matchwalls.com/de/products/gruner-valle-verde-probe,products,de,gruner-valle-verde-probe,
https://www.matchwalls.com/de/products/gruner-vallegrau-probe,products,de,gruner-vallegrau-probe,
https://www.matchwalls.com/de/products/harmonie-rosa-streifenprobe,products,de,harmonie-rosa-streifenprobe,
https://www.matchwalls.com/de/products/harmony-green-stripe-probe,products,de,harmony-green-stripe-probe,
https://www.matchwalls.com/de/products/highland-plaid-green-probe,products,de,highland-plaid-green-probe,
https://www.matchwalls.com/de/products/highland-plaid-marron-probe,products,de,highland-plaid-marron-probe,
https://www.matchwalls.com/de/products/highland-plaid-pink-probe,products,de,highland-plaid-pink-probe,
https://www.matchwalls.com/de/products/lilac-classic-ladies-probe,products,de,lilac-classic-ladies-probe,
https://www.matchwalls.com/de/products/misty-blossom-lila-probe,products,de,misty-blossom-lila-probe,
https://www.matchwalls.com/de/products/multicolor-harmonie-streifenprobe,products,de,multicolor-harmonie-streifenprobe,
https://www.matchwalls.com/de/products/multicolor-probe-mit-verspielten-streifen,products,de,multicolor-probe-mit-verspielten-streifen,
https://www.matchwalls.com/de/products/multicolor-probe-von-stadtlandschaft-konfetti,products,de,multicolor-probe-von-stadtlandschaft-konfetti,
https://www.matchwalls.com/de/products/neblige-blossom-grey-probe,products,de,neblige-blossom-grey-probe,
https://www.matchwalls.com/de/products/neblige-blute-blaue-probe,products,de,neblige-blute-blaue-probe,
https://www.matchwalls.com/de/products/neblige-blutengrune-probe,products,de,neblige-blutengrune-probe,
https://www.matchwalls.com/de/products/pink-peaks-probe,products,de,pink-peaks-probe,
https://www.matchwalls.com/de/products/probe-des-braunen-waldes-flustert,products,de,probe-des-braunen-waldes-flustert,
https://www.matchwalls.com/de/products/probe-des-grauen-waldes-flustert,products,de,probe-des-grauen-waldes-flustert,
https://www.matchwalls.com/de/products/puzzle-de-lyrics-brown-1,products,de,puzzle-de-lyrics-brown-1,
https://www.matchwalls.com/de/products/puzzle-show-von-lila-buchstaben,products,de,puzzle-show-von-lila-buchstaben,
https://www.matchwalls.com/de/products/rosa-zeitgenossische-tartan-probe,products,de,rosa-zeitgenossische-tartan-probe,
https://www.matchwalls.com/de/products/rose-classic-grid-probe,products,de,rose-classic-grid-probe,
https://www.matchwalls.com/de/products/rose-contemporary-classic-probe,products,de,rose-contemporary-classic-probe,
https://www.matchwalls.com/de/products/schwarz-weiss-klassiker-grid-probe,products,de,schwarz-weiss-klassiker-grid-probe,
https://www.matchwalls.com/de/products/schwarz-weiss-schwarz-weiss-puzzle-probe,products,de,schwarz-weiss-schwarz-weiss-puzzle-probe,
https://www.matchwalls.com/de/products/schwarze-kurven-abstrakte-probe,products,de,schwarze-kurven-abstrakte-probe,
https://www.matchwalls.com/de/products/subtile-grune-tartanprobe,products,de,subtile-grune-tartanprobe,
https://www.matchwalls.com/de/products/subtile-lila-probe,products,de,subtile-lila-probe,
https://www.matchwalls.com/de/products/subtile-rosa-tartan-probe,products,de,subtile-rosa-tartan-probe,
https://www.matchwalls.com/de/products/sutil-beige-tartan-probe,products,de,sutil-beige-tartan-probe,
https://www.matchwalls.com/de/products/verdantes-valle-beige-probe,products,de,verdantes-valle-beige-probe,
https://www.matchwalls.com/de/products/verspielte-streifen-blaue-probe,products,de,verspielte-streifen-blaue-probe,
https://www.matchwalls.com/de/products/verspielte-streifen-gelbe-probe,products,de,verspielte-streifen-gelbe-probe,
https://www.matchwalls.com/de/products/waldrosa-flusterprobe,products,de,waldrosa-flusterprobe,
https://www.matchwalls.com/de/products/waldstudie-recoto-probe,products,de,waldstudie-recoto-probe,
https://www.matchwalls.com/de/products/wildblume-whisper-lila-1,products,de,wildblume-whisper-lila-1,
https://www.matchwalls.com/de/products/wildblume-whisper-multicolored-probe,products,de,wildblume-whisper-multicolored-probe,
https://www.matchwalls.com/de/products/wildblumenfluster-pink-probe,products,de,wildblumenfluster-pink-probe,
https://www.matchwalls.com/de/products/wildblumenflusterblau-probe,products,de,wildblumenflusterblau-probe,
https://www.matchwalls.com/de/products/wildblumenflusterbruste-braune-probe,products,de,wildblumenflusterbruste-braune-probe,
https://www.matchwalls.com/de/products/world-explorer-brown-probe,products,de,world-explorer-brown-probe,
https://www.matchwalls.com/de/products/world-explorer-green-probe,products,de,world-explorer-green-probe,
https://www.matchwalls.com/de/products/world-explorer-rosa-probe,products,de,world-explorer-rosa-probe,
https://www.matchwalls.com/en/products/beige-classic-ladies-sample,products,en,beige-classic-ladies-sample,
https://www.matchwalls.com/en/products/beige-contemporary-classic-sample,products,en,beige-contemporary-classic-sample,
https://www.matchwalls.com/en/products/beige-contemporary-tartan-sample,products,en,beige-contemporary-tartan-sample,
https://www.matchwalls.com/en/products/beige-stripes-playful-stripes,products,en,beige-stripes-playful-stripes,
https://www.matchwalls.com/en/products/black-and-white-black-and-white-puzzle-sample,products,en,black-and-white-black-and-white-puzzle-sample,
https://www.matchwalls.com/en/products/black-and-white-classic-grid-sample,products,en,black-and-white-classic-grid-sample,
https://www.matchwalls.com/en/products/black-curves-abstract-sample-1,products,en,black-curves-abstract-sample-1,
https://www.matchwalls.com/en/products/blue-classic-grid-sample,products,en,blue-classic-grid-sample,
https://www.matchwalls.com/en/products/blue-classic-ladies-sample,products,en,blue-classic-ladies-sample,
https://www.matchwalls.com/en/products/blue-contemporary-classic-sample,products,en,blue-contemporary-classic-sample,
https://www.matchwalls.com/en/products/blue-contemporary-tartan-sample,products,en,blue-contemporary-tartan-sample,
https://www.matchwalls.com/en/products/blue-cosmic-dance-sample,products,en,blue-cosmic-dance-sample,
https://www.matchwalls.com/en/products/blue-forest-whispering-sample,products,en,blue-forest-whispering-sample,
https://www.matchwalls.com/en/products/blue-harmony-stripe-sample,products,en,blue-harmony-stripe-sample,
https://www.matchwalls.com/en/products/blue-letter-puzzle-sample,products,en,blue-letter-puzzle-sample,
https://www.matchwalls.com/en/products/blue-peaks-sample,products,en,blue-peaks-sample,
https://www.matchwalls.com/en/products/blue-world-explorer-sample,products,en,blue-world-explorer-sample,
https://www.matchwalls.com/en/products/brown-forest-whispering-sample,products,en,brown-forest-whispering-sample,
https://www.matchwalls.com/en/products/brown-suctan-sample,products,en,brown-suctan-sample,
https://www.matchwalls.com/en/products/cityscape-confetti-beige-sample,products,en,cityscape-confetti-beige-sample,
https://www.matchwalls.com/en/products/cityscape-confetti-blue-sample,products,en,cityscape-confetti-blue-sample,
https://www.matchwalls.com/en/products/cityscape-confetti-green-sample,products,en,cityscape-confetti-green-sample,
https://www.matchwalls.com/en/products/cityscape-confetti-multicolor-sample,products,en,cityscape-confetti-multicolor-sample,
https://www.matchwalls.com/en/products/cityscape-confetti-pink-sample,products,en,cityscape-confetti-pink-sample,
https://www.matchwalls.com/en/products/floral-symphony-multicolor-sample,products,en,floral-symphony-multicolor-sample,
https://www.matchwalls.com/en/products/forest-pink-whispering-sample,products,en,forest-pink-whispering-sample,
https://www.matchwalls.com/en/products/forest-study-recoto-sample,products,en,forest-study-recoto-sample,
https://www.matchwalls.com/en/products/golden-woodland-brown-sample,products,en,golden-woodland-brown-sample,
https://www.matchwalls.com/en/products/golden-woodland-golden-sample,products,en,golden-woodland-golden-sample,
https://www.matchwalls.com/en/products/golden-woodland-lila-sample,products,en,golden-woodland-lila-sample,
https://www.matchwalls.com/en/products/golden-woodland-rose-sample-1,products,en,golden-woodland-rose-sample-1,
https://www.matchwalls.com/en/products/golden-woodland-sample-yellow,products,en,golden-woodland-sample-yellow,
https://www.matchwalls.com/en/products/gray-classic-grid-sample,products,en,gray-classic-grid-sample,
https://www.matchwalls.com/en/products/gray-classic-ladies-sample,products,en,gray-classic-ladies-sample,
https://www.matchwalls.com/en/products/gray-contemporary-classic-sample,products,en,gray-contemporary-classic-sample,
https://www.matchwalls.com/en/products/gray-contemporary-tartan-sample,products,en,gray-contemporary-tartan-sample,
https://www.matchwalls.com/en/products/gray-forest-whispering-sample,products,en,gray-forest-whispering-sample,
https://www.matchwalls.com/en/products/gray-peaks-sample,products,en,gray-peaks-sample,
https://www.matchwalls.com/en/products/green-classic-grid-sample,products,en,green-classic-grid-sample,
https://www.matchwalls.com/en/products/green-classic-ladies-sample,products,en,green-classic-ladies-sample,
https://www.matchwalls.com/en/products/green-contemporary-classic-sample,products,en,green-contemporary-classic-sample,
https://www.matchwalls.com/en/products/green-contemporary-tartan-sample,products,en,green-contemporary-tartan-sample,
https://www.matchwalls.com/en/products/green-forest-whispering-sample,products,en,green-forest-whispering-sample,
https://www.matchwalls.com/en/products/green-letter-puzzle-sample,products,en,green-letter-puzzle-sample,
https://www.matchwalls.com/en/products/green-meadow-dreams-sample,products,en,green-meadow-dreams-sample,
https://www.matchwalls.com/en/products/green-peaks-sample,products,en,green-peaks-sample,
https://www.matchwalls.com/en/products/harmony-green-stripe-sample,products,en,harmony-green-stripe-sample,
https://www.matchwalls.com/en/products/harmony-rosa-stripe-sample,products,en,harmony-rosa-stripe-sample,
https://www.matchwalls.com/en/products/highland-plaid-green-sample,products,en,highland-plaid-green-sample,
https://www.matchwalls.com/en/products/highland-plaid-marron-sample,products,en,highland-plaid-marron-sample,
https://www.matchwalls.com/en/products/highland-plaid-pink-sample,products,en,highland-plaid-pink-sample,
https://www.matchwalls.com/en/products/jungle-safari-adventure-sample,products,en,jungle-safari-adventure-sample,
https://www.matchwalls.com/en/products/lilac-classic-ladies-sample,products,en,lilac-classic-ladies-sample,
https://www.matchwalls.com/en/products/misty-blossom-blue-sample-1,products,en,misty-blossom-blue-sample-1,
https://www.matchwalls.com/en/products/misty-blossom-gray-sample,products,en,misty-blossom-gray-sample,
https://www.matchwalls.com/en/products/misty-blossom-green-sample-2,products,en,misty-blossom-green-sample-2,
https://www.matchwalls.com/en/products/misty-blossom-lila-sample,products,en,misty-blossom-lila-sample,
https://www.matchwalls.com/en/products/muestra-de-wildflower-whisper-lila,products,en,muestra-de-wildflower-whisper-lila,
https://www.matchwalls.com/en/products/multicolor-harmony-stripe-sample,products,en,multicolor-harmony-stripe-sample,
https://www.matchwalls.com/en/products/multicolor-playful-stripes-sample,products,en,multicolor-playful-stripes-sample,
https://www.matchwalls.com/en/products/pink-contemporary-tartan-sample,products,en,pink-contemporary-tartan-sample,
https://www.matchwalls.com/en/products/pink-peaks-sample,products,en,pink-peaks-sample,
https://www.matchwalls.com/en/products/playful-stripes-blue-sample,products,en,playful-stripes-blue-sample,
https://www.matchwalls.com/en/products/playful-stripes-yellow-sample,products,en,playful-stripes-yellow-sample,
https://www.matchwalls.com/en/products/puzzle-de-lyrics-brown,products,en,puzzle-de-lyrics-brown,
https://www.matchwalls.com/en/products/puzzle-show-of-lila-letters-1,products,en,puzzle-show-of-lila-letters-1,
https://www.matchwalls.com/en/products/rose-classic-grid-sample-1,products,en,rose-classic-grid-sample-1,
https://www.matchwalls.com/en/products/rose-contemporary-classic-sample,products,en,rose-contemporary-classic-sample,
https://www.matchwalls.com/en/products/subtle-green-tartan-sample,products,en,subtle-green-tartan-sample,
https://www.matchwalls.com/en/products/subtle-lilac-sample,products,en,subtle-lilac-sample,
https://www.matchwalls.com/en/products/subtle-pink-tartan-sample,products,en,subtle-pink-tartan-sample,
https://www.matchwalls.com/en/products/sutil-beige-tartan-sample,products,en,sutil-beige-tartan-sample,
https://www.matchwalls.com/en/products/verdant-valle-azul-sample,products,en,verdant-valle-azul-sample,
https://www.matchwalls.com/en/products/verdant-valle-beige-sample,products,en,verdant-valle-beige-sample,
https://www.matchwalls.com/en/products/verdant-valle-gray-sample,products,en,verdant-valle-gray-sample,
https://www.matchwalls.com/en/products/verdant-valle-rosa-sample,products,en,verdant-valle-rosa-sample,
https://www.matchwalls.com/en/products/verdant-valle-verde-sample,products,en,verdant-valle-verde-sample,
https://www.matchwalls.com/en/products/wildflower-whisper-blue-sample,products,en,wildflower-whisper-blue-sample,
https://www.matchwalls.com/en/products/wildflower-whisper-brown-sample,products,en,wildflower-whisper-brown-sample,
https://www.matchwalls.com/en/products/wildflower-whisper-multicolored-sample,products,en,wildflower-whisper-multicolored-sample,
https://www.matchwalls.com/en/products/wildflower-whisper-pink-sample,products,en,wildflower-whisper-pink-sample,
https://www.matchwalls.com/en/products/world-explorer-brown-sample,products,en,world-explorer-brown-sample,
https://www.matchwalls.com/en/products/world-explorer-gray-sample,products,en,world-explorer-gray-sample,
https://www.matchwalls.com/en/products/world-explorer-green-sample,products,en,world-explorer-green-sample,
https://www.matchwalls.com/en/products/world-explorer-rosa-sample,products,en,world-explorer-rosa-sample,
https://www.matchwalls.com/en/products/yellow-contemporary-tartan-sample,products,en,yellow-contemporary-tartan-sample,
https://www.matchwalls.com/fr/products/cityscape-confetti-green-echantillon,products,fr,cityscape-confetti-green-echantillon,
https://www.matchwalls.com/fr/products/courbes-noires-echantillon-abstrait,products,fr,courbes-noires-echantillon-abstrait,
https://www.matchwalls.com/fr/products/echantillon-beige-de-confettis-urbain,products,fr,echantillon-beige-de-confettis-urbain,
https://www.matchwalls.com/fr/products/echantillon-beige-valle-verdoyant,products,fr,echantillon-beige-valle-verdoyant,
https://www.matchwalls.com/fr/products/echantillon-bleu-confetti-cityscape,products,fr,echantillon-bleu-confetti-cityscape,
https://www.matchwalls.com/fr/products/echantillon-bleu-de-fleur-brumeux,products,fr,echantillon-bleu-de-fleur-brumeux,
https://www.matchwalls.com/fr/products/echantillon-bleu-de-rayures-ludiques,products,fr,echantillon-bleu-de-rayures-ludiques,
https://www.matchwalls.com/fr/products/echantillon-bleu-wildflower-whisper,products,fr,echantillon-bleu-wildflower-whisper,
https://www.matchwalls.com/fr/products/echantillon-brun-boise-dore,products,fr,echantillon-brun-boise-dore,
https://www.matchwalls.com/fr/products/echantillon-brun-dexplorateur-mondial,products,fr,echantillon-brun-dexplorateur-mondial,
https://www.matchwalls.com/fr/products/echantillon-classique-contemporain-beige,products,fr,echantillon-classique-contemporain-beige,
https://www.matchwalls.com/fr/products/echantillon-classique-contemporain-bleu,products,fr,echantillon-classique-contemporain-bleu,
https://www.matchwalls.com/fr/products/echantillon-classique-contemporain-gris,products,fr,echantillon-classique-contemporain-gris,
https://www.matchwalls.com/fr/products/echantillon-classique-contemporain-rose,products,fr,echantillon-classique-contemporain-rose,
https://www.matchwalls.com/fr/products/echantillon-classique-contemporain-vert,products,fr,echantillon-classique-contemporain-vert,
https://www.matchwalls.com/fr/products/echantillon-daventure-de-safari-de-la-jungle,products,fr,echantillon-daventure-de-safari-de-la-jungle,
https://www.matchwalls.com/fr/products/echantillon-de-bande-dharmonie-bleue,products,fr,echantillon-de-bande-dharmonie-bleue,
https://www.matchwalls.com/fr/products/echantillon-de-bande-dharmonie-multicolore,products,fr,echantillon-de-bande-dharmonie-multicolore,
https://www.matchwalls.com/fr/products/echantillon-de-bande-dharmonie-rosa,products,fr,echantillon-de-bande-dharmonie-rosa,
https://www.matchwalls.com/fr/products/echantillon-de-bande-vert-harmonie,products,fr,echantillon-de-bande-vert-harmonie,
https://www.matchwalls.com/fr/products/echantillon-de-bois-dore-jaune,products,fr,echantillon-de-bois-dore-jaune,
https://www.matchwalls.com/fr/products/echantillon-de-bruns-de-chuchotements-sauvages,products,fr,echantillon-de-bruns-de-chuchotements-sauvages,
https://www.matchwalls.com/fr/products/echantillon-de-chuchotement-de-foret-brune,products,fr,echantillon-de-chuchotement-de-foret-brune,
https://www.matchwalls.com/fr/products/echantillon-de-chuchotement-de-foret-grise,products,fr,echantillon-de-chuchotement-de-foret-grise,
https://www.matchwalls.com/fr/products/echantillon-de-chuchotement-de-la-foret-bleue,products,fr,echantillon-de-chuchotement-de-la-foret-bleue,
https://www.matchwalls.com/fr/products/echantillon-de-chuchotement-de-la-foret-verte,products,fr,echantillon-de-chuchotement-de-la-foret-verte,
https://www.matchwalls.com/fr/products/echantillon-de-chuchotement-rose-foret,products,fr,echantillon-de-chuchotement-rose-foret,
https://www.matchwalls.com/fr/products/echantillon-de-dames-classiques-beige,products,fr,echantillon-de-dames-classiques-beige,
https://www.matchwalls.com/fr/products/echantillon-de-dames-classiques-bleues,products,fr,echantillon-de-dames-classiques-bleues,
https://www.matchwalls.com/fr/products/echantillon-de-dames-classiques-gris,products,fr,echantillon-de-dames-classiques-gris,
https://www.matchwalls.com/fr/products/echantillon-de-dames-classiques-lilas,products,fr,echantillon-de-dames-classiques-lilas,
https://www.matchwalls.com/fr/products/echantillon-de-dames-classiques-vertes,products,fr,echantillon-de-dames-classiques-vertes,
https://www.matchwalls.com/fr/products/echantillon-de-danse-cosmique-bleue,products,fr,echantillon-de-danse-cosmique-bleue,
https://www.matchwalls.com/fr/products/echantillon-de-grille-classique-bleu,products,fr,echantillon-de-grille-classique-bleu,
https://www.matchwalls.com/fr/products/echantillon-de-grille-classique-gris,products,fr,echantillon-de-grille-classique-gris,
https://www.matchwalls.com/fr/products/echantillon-de-grille-classique-noir-et-blanc,products,fr,echantillon-de-grille-classique-noir-et-blanc,
https://www.matchwalls.com/fr/products/echantillon-de-grille-classique-rose,products,fr,echantillon-de-grille-classique-rose,
https://www.matchwalls.com/fr/products/echantillon-de-grille-classique-vert,products,fr,echantillon-de-grille-classique-vert,
https://www.matchwalls.com/fr/products/echantillon-de-gris-valle-verdant,products,fr,echantillon-de-gris-valle-verdant,
https://www.matchwalls.com/fr/products/echantillon-de-lexplorateur-mondial-rosa,products,fr,echantillon-de-lexplorateur-mondial-rosa,
https://www.matchwalls.com/fr/products/echantillon-de-lila-en-bois-dore,products,fr,echantillon-de-lila-en-bois-dore,
https://www.matchwalls.com/fr/products/echantillon-de-lila-en-fleur-brumeuse,products,fr,echantillon-de-lila-en-fleur-brumeuse,
https://www.matchwalls.com/fr/products/echantillon-de-lilas-subtil,products,fr,echantillon-de-lilas-subtil,
https://www.matchwalls.com/fr/products/echantillon-de-marron-a-plaid-highland,products,fr,echantillon-de-marron-a-plaid-highland,
https://www.matchwalls.com/fr/products/echantillon-de-pics-bleus,products,fr,echantillon-de-pics-bleus,
https://www.matchwalls.com/fr/products/echantillon-de-pics-gris,products,fr,echantillon-de-pics-gris,
https://www.matchwalls.com/fr/products/echantillon-de-pics-roses,products,fr,echantillon-de-pics-roses,
https://www.matchwalls.com/fr/products/echantillon-de-puzzle-de-lettre-verte,products,fr,echantillon-de-puzzle-de-lettre-verte,
https://www.matchwalls.com/fr/products/echantillon-de-puzzle-de-lettres-bleues,products,fr,echantillon-de-puzzle-de-lettres-bleues,
https://www.matchwalls.com/fr/products/echantillon-de-puzzle-noir-et-blanc-noir,products,fr,echantillon-de-puzzle-noir-et-blanc-noir,
https://www.matchwalls.com/fr/products/echantillon-de-rayures-ludiques-multicolores,products,fr,echantillon-de-rayures-ludiques-multicolores,
https://www.matchwalls.com/fr/products/echantillon-de-recoto-de-letude-forestiere,products,fr,echantillon-de-recoto-de-letude-forestiere,
https://www.matchwalls.com/fr/products/echantillon-de-reves-de-prairie-verte,products,fr,echantillon-de-reves-de-prairie-verte,
https://www.matchwalls.com/fr/products/echantillon-de-rose-des-bois-dores,products,fr,echantillon-de-rose-des-bois-dores,
https://www.matchwalls.com/fr/products/echantillon-de-sommets-verts,products,fr,echantillon-de-sommets-verts,
https://www.matchwalls.com/fr/products/echantillon-de-suctan-marron,products,fr,echantillon-de-suctan-marron,
https://www.matchwalls.com/fr/products/echantillon-de-tartan-betil-beige,products,fr,echantillon-de-tartan-betil-beige,
https://www.matchwalls.com/fr/products/echantillon-de-tartan-contemporain-beige,products,fr,echantillon-de-tartan-contemporain-beige,
https://www.matchwalls.com/fr/products/echantillon-de-tartan-contemporain-bleu,products,fr,echantillon-de-tartan-contemporain-bleu,
https://www.matchwalls.com/fr/products/echantillon-de-tartan-contemporain-gris,products,fr,echantillon-de-tartan-contemporain-gris,
https://www.matchwalls.com/fr/products/echantillon-de-tartan-contemporain-jaune,products,fr,echantillon-de-tartan-contemporain-jaune,
https://www.matchwalls.com/fr/products/echantillon-de-tartan-contemporain-rose,products,fr,echantillon-de-tartan-contemporain-rose,
https://www.matchwalls.com/fr/products/echantillon-de-tartan-contemporain-vert,products,fr,echantillon-de-tartan-contemporain-vert,
https://www.matchwalls.com/fr/products/echantillon-de-tartan-rose-subtil,products,fr,echantillon-de-tartan-rose-subtil,
https://www.matchwalls.com/fr/products/echantillon-de-tartan-vert-subtil,products,fr,echantillon-de-tartan-vert-subtil,
https://www.matchwalls.com/fr/products/echantillon-de-valle-rosa-verdoyante,products,fr,echantillon-de-valle-rosa-verdoyante,
https://www.matchwalls.com/fr/products/echantillon-de-valle-valle,products,fr,echantillon-de-valle-valle,
https://www.matchwalls.com/fr/products/echantillon-de-verdant-valle-verde,products,fr,echantillon-de-verdant-valle-verde,
https://www.matchwalls.com/fr/products/echantillon-dexplorateur-du-monde-bleu,products,fr,echantillon-dexplorateur-du-monde-bleu,
https://www.matchwalls.com/fr/products/echantillon-dexplorateur-mondial-gris,products,fr,echantillon-dexplorateur-mondial-gris,
https://www.matchwalls.com/fr/products/echantillon-dor-des-bois-dores,products,fr,echantillon-dor-des-bois-dores,
https://www.matchwalls.com/fr/products/echantillon-gris-de-fleur-brumeux,products,fr,echantillon-gris-de-fleur-brumeux,
https://www.matchwalls.com/fr/products/echantillon-multicolore-a-symphonie-florale,products,fr,echantillon-multicolore-a-symphonie-florale,
https://www.matchwalls.com/fr/products/echantillon-multicolore-confetti-de-paysage-urbain,products,fr,echantillon-multicolore-confetti-de-paysage-urbain,
https://www.matchwalls.com/fr/products/echantillon-multicolore-de-wildflower-whisper,products,fr,echantillon-multicolore-de-wildflower-whisper,
https://www.matchwalls.com/fr/products/echantillon-rose-a-carreaux-highland,products,fr,echantillon-rose-a-carreaux-highland,
https://www.matchwalls.com/fr/products/echantillon-rose-de-confettis-cityscape,products,fr,echantillon-rose-de-confettis-cityscape,
https://www.matchwalls.com/fr/products/echantillon-rose-wildflower-whisper,products,fr,echantillon-rose-wildflower-whisper,
https://www.matchwalls.com/fr/products/echantillon-vert-a-carreaux-highland,products,fr,echantillon-vert-a-carreaux-highland,
https://www.matchwalls.com/fr/products/echantillon-vert-de-fleur-brumeux,products,fr,echantillon-vert-de-fleur-brumeux,
https://www.matchwalls.com/fr/products/echantillon-vert-dexplorateur-mondial,products,fr,echantillon-vert-dexplorateur-mondial,
https://www.matchwalls.com/fr/products/muestra-de-wildflower-whisper-lila,products,fr,muestra-de-wildflower-whisper-lila,
https://www.matchwalls.com/fr/products/puzzle-de-paroles-brown,products,fr,puzzle-de-paroles-brown,
https://www.matchwalls.com/fr/products/puzzle-show-of-lila-letters,products,fr,puzzle-show-of-lila-letters,
https://www.matchwalls.com/fr/products/rayures-beiges,products,fr,rayures-beiges,
https://www.matchwalls.com/fr/products/rayures-ludiques-echantillon-jaune,products,fr,rayures-ludiques-echantillon-jaune,
https://www.matchwalls.com/it/products/armony-green-stripe-sample,products,it,armony-green-stripe-sample,
https://www.matchwalls.com/it/products/armony-rosa-stripe-sample,products,it,armony-rosa-stripe-sample,
https://www.matchwalls.com/it/products/campione-a-strisce-armoniche-multicolore,products,it,campione-a-strisce-armoniche-multicolore,
https://www.matchwalls.com/it/products/campione-a-strisce-di-armonia-blu,products,it,campione-a-strisce-di-armonia-blu,
https://www.matchwalls.com/it/products/campione-blu-classico-da-donna,products,it,campione-blu-classico-da-donna,
https://www.matchwalls.com/it/products/campione-blu-classico-della-griglia,products,it,campione-blu-classico-della-griglia,
https://www.matchwalls.com/it/products/campione-blu-contemporaneo-tartan,products,it,campione-blu-contemporaneo-tartan,
https://www.matchwalls.com/it/products/campione-blu-di-coriandoli-di-citta,products,it,campione-blu-di-coriandoli-di-citta,
https://www.matchwalls.com/it/products/campione-blu-fiorente-nebbioso,products,it,campione-blu-fiorente-nebbioso,
https://www.matchwalls.com/it/products/campione-blu-whisper-wildflower,products,it,campione-blu-whisper-wildflower,
https://www.matchwalls.com/it/products/campione-classico-blu-contemporaneo,products,it,campione-classico-blu-contemporaneo,
https://www.matchwalls.com/it/products/campione-classico-contemporaneo-beige,products,it,campione-classico-contemporaneo-beige,
https://www.matchwalls.com/it/products/campione-classico-contemporaneo-di-rose,products,it,campione-classico-contemporaneo-di-rose,
https://www.matchwalls.com/it/products/campione-classico-contemporaneo-grigio,products,it,campione-classico-contemporaneo-grigio,
https://www.matchwalls.com/it/products/campione-classico-contemporaneo-verde,products,it,campione-classico-contemporaneo-verde,
https://www.matchwalls.com/it/products/campione-di-boschi-doro-giallo,products,it,campione-di-boschi-doro-giallo,
https://www.matchwalls.com/it/products/campione-di-cime-rosa,products,it,campione-di-cime-rosa,
https://www.matchwalls.com/it/products/campione-di-coriandoli-del-paesaggio-urbano,products,it,campione-di-coriandoli-del-paesaggio-urbano,
https://www.matchwalls.com/it/products/campione-di-danza-cosmica-blu,products,it,campione-di-danza-cosmica-blu,
https://www.matchwalls.com/it/products/campione-di-donne-classiche-beige,products,it,campione-di-donne-classiche-beige,
https://www.matchwalls.com/it/products/campione-di-griglia-classica-grigia,products,it,campione-di-griglia-classica-grigia,
https://www.matchwalls.com/it/products/campione-di-griglia-classica-in-bianco-e-nero,products,it,campione-di-griglia-classica-in-bianco-e-nero,
https://www.matchwalls.com/it/products/campione-di-griglia-classica-rosa,products,it,campione-di-griglia-classica-rosa,
https://www.matchwalls.com/it/products/campione-di-griglia-classica-verde,products,it,campione-di-griglia-classica-verde,
https://www.matchwalls.com/it/products/campione-di-lila-misty-blossom,products,it,campione-di-lila-misty-blossom,
https://www.matchwalls.com/it/products/campione-di-marcia-marciale-dellaltopiano,products,it,campione-di-marcia-marciale-dellaltopiano,
https://www.matchwalls.com/it/products/campione-di-picchi-blu,products,it,campione-di-picchi-blu,
https://www.matchwalls.com/it/products/campione-di-picchi-grigi,products,it,campione-di-picchi-grigi,
https://www.matchwalls.com/it/products/campione-di-picchi-verdi,products,it,campione-di-picchi-verdi,
https://www.matchwalls.com/it/products/campione-di-puzzle-di-lettere-blu,products,it,campione-di-puzzle-di-lettere-blu,
https://www.matchwalls.com/it/products/campione-di-puzzle-di-lettere-verdi,products,it,campione-di-puzzle-di-lettere-verdi,
https://www.matchwalls.com/it/products/campione-di-rose-boschive-dorate,products,it,campione-di-rose-boschive-dorate,
https://www.matchwalls.com/it/products/campione-di-signore-classiche-lilla,products,it,campione-di-signore-classiche-lilla,
https://www.matchwalls.com/it/products/campione-di-strisce-giocose-multicolori,products,it,campione-di-strisce-giocose-multicolori,
https://www.matchwalls.com/it/products/campione-di-suctan-marrone,products,it,campione-di-suctan-marrone,
https://www.matchwalls.com/it/products/campione-di-sussurri-blu-della-foresta,products,it,campione-di-sussurri-blu-della-foresta,
https://www.matchwalls.com/it/products/campione-di-sussurri-della-foresta-grigia-1,products,it,campione-di-sussurri-della-foresta-grigia-1,
https://www.matchwalls.com/it/products/campione-di-sussurri-della-foresta-marrone,products,it,campione-di-sussurri-della-foresta-marrone,
https://www.matchwalls.com/it/products/campione-di-sussurri-della-foresta-verde,products,it,campione-di-sussurri-della-foresta-verde,
https://www.matchwalls.com/it/products/campione-di-sussurri-rosa-della-foresta,products,it,campione-di-sussurri-rosa-della-foresta,
https://www.matchwalls.com/it/products/campione-di-tartan-beige-sulel,products,it,campione-di-tartan-beige-sulel,
https://www.matchwalls.com/it/products/campione-di-tartan-contemporaneo-giallo,products,it,campione-di-tartan-contemporaneo-giallo,
https://www.matchwalls.com/it/products/campione-di-tartan-grigio-contemporaneo,products,it,campione-di-tartan-grigio-contemporaneo,
https://www.matchwalls.com/it/products/campione-di-tartan-rosa-sottile,products,it,campione-di-tartan-rosa-sottile,
https://www.matchwalls.com/it/products/campione-di-tartan-verde-sottile,products,it,campione-di-tartan-verde-sottile,
https://www.matchwalls.com/it/products/campione-giallo-a-strisce-giocose,products,it,campione-giallo-a-strisce-giocose,
https://www.matchwalls.com/it/products/campione-grigio-fiorente-nebbioso,products,it,campione-grigio-fiorente-nebbioso,
https://www.matchwalls.com/it/products/campione-lilla-sottile,products,it,campione-lilla-sottile,
https://www.matchwalls.com/it/products/campione-marrone-boschivo-dorato,products,it,campione-marrone-boschivo-dorato,
https://www.matchwalls.com/it/products/campione-marrone-whisper-wildflower,products,it,campione-marrone-whisper-wildflower,
https://www.matchwalls.com/it/products/campione-multicolore-coriandolo-urbano,products,it,campione-multicolore-coriandolo-urbano,
https://www.matchwalls.com/it/products/campione-multicolore-sinfonico-floreale,products,it,campione-multicolore-sinfonico-floreale,
https://www.matchwalls.com/it/products/campione-multicolore-whisper-wildflower,products,it,campione-multicolore-whisper-wildflower,
https://www.matchwalls.com/it/products/campione-puzzle-bianco-e-nero-bianco-e-nero,products,it,campione-puzzle-bianco-e-nero-bianco-e-nero,
https://www.matchwalls.com/it/products/campione-rosa-a-quadri-dellaltopiano,products,it,campione-rosa-a-quadri-dellaltopiano,
https://www.matchwalls.com/it/products/campione-rosa-coriandoli-di-citta,products,it,campione-rosa-coriandoli-di-citta,
https://www.matchwalls.com/it/products/campione-rosa-sussurrato-di-fiori-selvatici,products,it,campione-rosa-sussurrato-di-fiori-selvatici,
https://www.matchwalls.com/it/products/campione-tartan-contemporaneo-beige,products,it,campione-tartan-contemporaneo-beige,
https://www.matchwalls.com/it/products/campione-tartan-contemporaneo-rosa,products,it,campione-tartan-contemporaneo-rosa,
https://www.matchwalls.com/it/products/campione-tartan-contemporaneo-verde,products,it,campione-tartan-contemporaneo-verde,
https://www.matchwalls.com/it/products/campione-verde-a-quadri-dellaltopiano,products,it,campione-verde-a-quadri-dellaltopiano,
https://www.matchwalls.com/it/products/campione-verde-coriandoli-del-paesaggio-urbano,products,it,campione-verde-coriandoli-del-paesaggio-urbano,
https://www.matchwalls.com/it/products/campione-verde-misty-blossom,products,it,campione-verde-misty-blossom,
https://www.matchwalls.com/it/products/curve-nere-campione-astratto,products,it,curve-nere-campione-astratto,
https://www.matchwalls.com/it/products/esempio-di-explorer-blue-world-explorer,products,it,esempio-di-explorer-blue-world-explorer,
https://www.matchwalls.com/it/products/explorer-world-explorer-brown-sample,products,it,explorer-world-explorer-brown-sample,
https://www.matchwalls.com/it/products/explorer-world-explorer-green-sample,products,it,explorer-world-explorer-green-sample,
https://www.matchwalls.com/it/products/explorer-world-explorer-pink-sample,products,it,explorer-world-explorer-pink-sample,
https://www.matchwalls.com/it/products/golden-woodland-golden-sample-2,products,it,golden-woodland-golden-sample-2,
https://www.matchwalls.com/it/products/golden-woodland-lila-campione,products,it,golden-woodland-lila-campione,
https://www.matchwalls.com/it/products/green-classic-ladies-sample-2,products,it,green-classic-ladies-sample-2,
https://www.matchwalls.com/it/products/green-meadow-dreams-sample-1,products,it,green-meadow-dreams-sample-1,
https://www.matchwalls.com/it/products/grey-classic-ladies-sample,products,it,grey-classic-ladies-sample,
https://www.matchwalls.com/it/products/grey-world-explorer-sample,products,it,grey-world-explorer-sample,
https://www.matchwalls.com/it/products/jungle-safari-adventure-campione,products,it,jungle-safari-adventure-campione,
https://www.matchwalls.com/it/products/puzzle-de-text-brown,products,it,puzzle-de-text-brown,
https://www.matchwalls.com/it/products/spettacolo-di-puzzle-di-lettere-lila,products,it,spettacolo-di-puzzle-di-lettere-lila,
https://www.matchwalls.com/it/products/strips-stripes-blue-sample,products,it,strips-stripes-blue-sample,
https://www.matchwalls.com/it/products/strisce-beige-strisce-giocose,products,it,strisce-beige-strisce-giocose,
https://www.matchwalls.com/it/products/studio-forestale-campione-recoto,products,it,studio-forestale-campione-recoto,
https://www.matchwalls.com/it/products/verdant-valle-azul-sample-1,products,it,verdant-valle-azul-sample-1,
https://www.matchwalls.com/it/products/verdant-valle-beige-sample-1,products,it,verdant-valle-beige-sample-1,
https://www.matchwalls.com/it/products/verdant-valle-grey-sample,products,it,verdant-valle-grey-sample,
https://www.matchwalls.com/it/products/verdant-valle-rosa-sample-1,products,it,verdant-valle-rosa-sample-1,
https://www.matchwalls.com/it/products/verdant-valle-verde-sample-1,products,it,verdant-valle-verde-sample-1,
https://www.matchwalls.com/it/products/whisper-lila-1,products,it,whisper-lila-1,
https://www.matchwalls.com/nl/products/beige-classic-ladies-sample-1,products,nl,beige-classic-ladies-sample-1,
https://www.matchwalls.com/nl/products/beige-hedendaagse-klassieke-sample,products,nl,beige-hedendaagse-klassieke-sample,
https://www.matchwalls.com/nl/products/beige-hedendaagse-tartan-sample,products,nl,beige-hedendaagse-tartan-sample,
https://www.matchwalls.com/nl/products/beige-strepen-speelse-strepen,products,nl,beige-strepen-speelse-strepen,
https://www.matchwalls.com/nl/products/black-curves-abstract-sample,products,nl,black-curves-abstract-sample,
https://www.matchwalls.com/nl/products/blauw-bos-fluisterend-monster,products,nl,blauw-bos-fluisterend-monster,
https://www.matchwalls.com/nl/products/blauw-eigentijdse-klassieke-sample,products,nl,blauw-eigentijdse-klassieke-sample,
https://www.matchwalls.com/nl/products/blauw-eigentijdse-tartan-sample,products,nl,blauw-eigentijdse-tartan-sample,
https://www.matchwalls.com/nl/products/blauwe-harmonie-streepmonster,products,nl,blauwe-harmonie-streepmonster,
https://www.matchwalls.com/nl/products/blauwe-wereld-explorer-sample,products,nl,blauwe-wereld-explorer-sample,
https://www.matchwalls.com/nl/products/bloemen-symphony-multicolor-sample,products,nl,bloemen-symphony-multicolor-sample,
https://www.matchwalls.com/nl/products/blue-classic-grid-sample-1,products,nl,blue-classic-grid-sample-1,
https://www.matchwalls.com/nl/products/blue-classic-ladies-sample-2,products,nl,blue-classic-ladies-sample-2,
https://www.matchwalls.com/nl/products/blue-cosmic-dance-sample-1,products,nl,blue-cosmic-dance-sample-1,
https://www.matchwalls.com/nl/products/blue-letter-puzzle-sample-1,products,nl,blue-letter-puzzle-sample-1,
https://www.matchwalls.com/nl/products/blue-peaks-monster,products,nl,blue-peaks-monster,
https://www.matchwalls.com/nl/products/bosstudie-recoto-steekproef,products,nl,bosstudie-recoto-steekproef,
https://www.matchwalls.com/nl/products/brown-suctan-sample-1,products,nl,brown-suctan-sample-1,
https://www.matchwalls.com/nl/products/bruin-bos-fluisterend-monster,products,nl,bruin-bos-fluisterend-monster,
https://www.matchwalls.com/nl/products/cityscape-confetti-beige-sample-1,products,nl,cityscape-confetti-beige-sample-1,
https://www.matchwalls.com/nl/products/cityscape-confetti-blue-sample-2,products,nl,cityscape-confetti-blue-sample-2,
https://www.matchwalls.com/nl/products/cityscape-confetti-green-sample-2,products,nl,cityscape-confetti-green-sample-2,
https://www.matchwalls.com/nl/products/cityscape-confetti-multicolor-sample-1,products,nl,cityscape-confetti-multicolor-sample-1,
https://www.matchwalls.com/nl/products/cityscape-confetti-pink-sample-1,products,nl,cityscape-confetti-pink-sample-1,
https://www.matchwalls.com/nl/products/forest-pink-whispering-sample-1,products,nl,forest-pink-whispering-sample-1,
https://www.matchwalls.com/nl/products/geel-eigentijdse-tartan-monster,products,nl,geel-eigentijdse-tartan-monster,
https://www.matchwalls.com/nl/products/golden-woodland-brown-monster,products,nl,golden-woodland-brown-monster,
https://www.matchwalls.com/nl/products/gouden-woodland-golden-sample,products,nl,gouden-woodland-golden-sample,
https://www.matchwalls.com/nl/products/gouden-woodland-lila-monster,products,nl,gouden-woodland-lila-monster,
https://www.matchwalls.com/nl/products/gouden-woodland-monster-geel,products,nl,gouden-woodland-monster-geel,
https://www.matchwalls.com/nl/products/gouden-woodland-rose-sample,products,nl,gouden-woodland-rose-sample,
https://www.matchwalls.com/nl/products/gray-peaks-monster,products,nl,gray-peaks-monster,
https://www.matchwalls.com/nl/products/gray-world-explorer-sample,products,nl,gray-world-explorer-sample,
https://www.matchwalls.com/nl/products/green-meadow-dreams-sample-2,products,nl,green-meadow-dreams-sample-2,
https://www.matchwalls.com/nl/products/grijs-bos-fluisterend-monster,products,nl,grijs-bos-fluisterend-monster,
https://www.matchwalls.com/nl/products/grijs-eigentijdse-klassieke-sample,products,nl,grijs-eigentijdse-klassieke-sample,
https://www.matchwalls.com/nl/products/grijs-klassiek-raster-monster,products,nl,grijs-klassiek-raster-monster,
https://www.matchwalls.com/nl/products/grijze-eigentijdse-tartan-sample,products,nl,grijze-eigentijdse-tartan-sample,
https://www.matchwalls.com/nl/products/grijze-klassieke-damesmonster,products,nl,grijze-klassieke-damesmonster,
https://www.matchwalls.com/nl/products/groen-klassiek-rastermonster,products,nl,groen-klassiek-rastermonster,
https://www.matchwalls.com/nl/products/groene-bosflispering-monster,products,nl,groene-bosflispering-monster,
https://www.matchwalls.com/nl/products/groene-eigentijdse-klassieke-sample,products,nl,groene-eigentijdse-klassieke-sample,
https://www.matchwalls.com/nl/products/groene-eigentijdse-tartan-sample,products,nl,groene-eigentijdse-tartan-sample,
https://www.matchwalls.com/nl/products/groene-klassieke-damesmonster,products,nl,groene-klassieke-damesmonster,
https://www.matchwalls.com/nl/products/groene-letterpuzzel-voorbeeld,products,nl,groene-letterpuzzel-voorbeeld,
https://www.matchwalls.com/nl/products/groene-piekenmonster,products,nl,groene-piekenmonster,
https://www.matchwalls.com/nl/products/harmony-green-stripe-sample-1,products,nl,harmony-green-stripe-sample-1,
https://www.matchwalls.com/nl/products/harmony-rosa-stripe-sample-1,products,nl,harmony-rosa-stripe-sample-1,
https://www.matchwalls.com/nl/products/highland-plaid-green-sample-2,products,nl,highland-plaid-green-sample-2,
https://www.matchwalls.com/nl/products/highland-plaid-marron-monster,products,nl,highland-plaid-marron-monster,
https://www.matchwalls.com/nl/products/highland-plaid-roze-monster,products,nl,highland-plaid-roze-monster,
https://www.matchwalls.com/nl/products/jungle-safari-adventure-sample-1,products,nl,jungle-safari-adventure-sample-1,
https://www.matchwalls.com/nl/products/lilac-classic-ladies-sample-2,products,nl,lilac-classic-ladies-sample-2,
https://www.matchwalls.com/nl/products/misty-bloesem-grijs-monster,products,nl,misty-bloesem-grijs-monster,
https://www.matchwalls.com/nl/products/misty-bloesem-groen-monster,products,nl,misty-bloesem-groen-monster,
https://www.matchwalls.com/nl/products/misty-blossom-blue-sample-3,products,nl,misty-blossom-blue-sample-3,
https://www.matchwalls.com/nl/products/misty-blossom-lila-sample-1,products,nl,misty-blossom-lila-sample-1,
https://www.matchwalls.com/nl/products/puzzle-de-songtekst-brown,products,nl,puzzle-de-songtekst-brown,
https://www.matchwalls.com/nl/products/puzzle-show-van-lila-letters,products,nl,puzzle-show-van-lila-letters,
https://www.matchwalls.com/nl/products/rose-classic-grid-sample,products,nl,rose-classic-grid-sample,
https://www.matchwalls.com/nl/products/rose-contemporary-classic-sample-1,products,nl,rose-contemporary-classic-sample-1,
https://www.matchwalls.com/nl/products/roze-eigentijdse-tartan-sample,products,nl,roze-eigentijdse-tartan-sample,
https://www.matchwalls.com/nl/products/roze-piekenmonster,products,nl,roze-piekenmonster,
https://www.matchwalls.com/nl/products/speelse-strepen-blauw-monster,products,nl,speelse-strepen-blauw-monster,
https://www.matchwalls.com/nl/products/speelse-strepen-geel-voorbeeld,products,nl,speelse-strepen-geel-voorbeeld,
https://www.matchwalls.com/nl/products/subtiel-groen-tartan-monster,products,nl,subtiel-groen-tartan-monster,
https://www.matchwalls.com/nl/products/subtiel-lila-monster,products,nl,subtiel-lila-monster,
https://www.matchwalls.com/nl/products/subtiele-roze-tartan-sample,products,nl,subtiele-roze-tartan-sample,
https://www.matchwalls.com/nl/products/sutil-beige-tartan-monster,products,nl,sutil-beige-tartan-monster,
https://www.matchwalls.com/nl/products/veelkleurig-speels-strepen-voorbeeld,products,nl,veelkleurig-speels-strepen-voorbeeld,
https://www.matchwalls.com/nl/products/veelkleurige-harmonie-streepmonster,products,nl,veelkleurige-harmonie-streepmonster,
https://www.matchwalls.com/nl/products/verdant-valle-azul-monster,products,nl,verdant-valle-azul-monster,
https://www.matchwalls.com/nl/products/verdant-valle-beige-monster,products,nl,verdant-valle-beige-monster,
https://www.matchwalls.com/nl/products/verdant-valle-gray-monster,products,nl,verdant-valle-gray-monster,
https://www.matchwalls.com/nl/products/verdant-valle-rosa-monster,products,nl,verdant-valle-rosa-monster,
https://www.matchwalls.com/nl/products/verdant-valle-verde-monster,products,nl,verdant-valle-verde-monster,
https://www.matchwalls.com/nl/products/wildflower-fluister-bruin-monster,products,nl,wildflower-fluister-bruin-monster,
https://www.matchwalls.com/nl/products/wildflower-fluister-lila-1,products,nl,wildflower-fluister-lila-1,
https://www.matchwalls.com/nl/products/wildflower-fluister-roze-monster,products,nl,wildflower-fluister-roze-monster,
https://www.matchwalls.com/nl/products/wildflower-gefluister-veelkleurig-monster,products,nl,wildflower-gefluister-veelkleurig-monster,
https://www.matchwalls.com/nl/products/wildflower-whisper-blue-sample-1,products,nl,wildflower-whisper-blue-sample-1,
https://www.matchwalls.com/nl/products/world-explorer-brown-sample-2,products,nl,world-explorer-brown-sample-2,
https://www.matchwalls.com/nl/products/world-explorer-green-sample-sample,products,nl,world-explorer-green-sample-sample,
https://www.matchwalls.com/nl/products/world-explorer-pink-sample,products,nl,world-explorer-pink-sample,
https://www.matchwalls.com/nl/products/zwart-wit-klassiek-raster-voorbeeld,products,nl,zwart-wit-klassiek-raster-voorbeeld,
https://www.matchwalls.com/nl/products/zwart-wit-zwart-wit-puzzel-voorbeeld,products,nl,zwart-wit-zwart-wit-puzzel-voorbeeld,
https://www.matchwalls.com/products/muestra-abstract-curves-negro,products,es,muestra-abstract-curves-negro,
https://www.matchwalls.com/products/muestra-de-cityscape-confetti-azul,products,es,muestra-de-cityscape-confetti-azul,
https://www.matchwalls.com/products/muestra-de-cityscape-confetti-beige,products,es,muestra-de-cityscape-confetti-beige,
https://www.matchwalls.com/products/muestra-de-cityscape-confetti-multicolor,products,es,muestra-de-cityscape-confetti-multicolor,
https://www.matchwalls.com/products/muestra-de-cityscape-confetti-rosa,products,es,muestra-de-cityscape-confetti-rosa,
https://www.matchwalls.com/products/muestra-de-cityscape-confetti-verde,products,es,muestra-de-cityscape-confetti-verde,
https://www.matchwalls.com/products/muestra-de-clasico-contemporaneo-azul,products,es,muestra-de-clasico-contemporaneo-azul,
https://www.matchwalls.com/products/muestra-de-clasico-contemporaneo-beige,products,es,muestra-de-clasico-contemporaneo-beige,
https://www.matchwalls.com/products/muestra-de-clasico-contemporaneo-gris,products,es,muestra-de-clasico-contemporaneo-gris,
https://www.matchwalls.com/products/muestra-de-clasico-contemporaneo-rosa,products,es,muestra-de-clasico-contemporaneo-rosa,
https://www.matchwalls.com/products/muestra-de-clasico-contemporaneo-verde,products,es,muestra-de-clasico-contemporaneo-verde,
https://www.matchwalls.com/products/muestra-de-cosmic-dance-azul,products,es,muestra-de-cosmic-dance-azul,
https://www.matchwalls.com/products/muestra-de-cuadricula-clasica-azul,products,es,muestra-de-cuadricula-clasica-azul,
https://www.matchwalls.com/products/muestra-de-cuadricula-clasica-blanco-y-negro,products,es,muestra-de-cuadricula-clasica-blanco-y-negro,
https://www.matchwalls.com/products/muestra-de-cuadricula-clasica-gris,products,es,muestra-de-cuadricula-clasica-gris,
https://www.matchwalls.com/products/muestra-de-cuadricula-clasica-rosa,products,es,muestra-de-cuadricula-clasica-rosa,
https://www.matchwalls.com/products/muestra-de-cuadricula-clasica-verde,products,es,muestra-de-cuadricula-clasica-verde,
https://www.matchwalls.com/products/muestra-de-damas-clasicas-azul,products,es,muestra-de-damas-clasicas-azul,
https://www.matchwalls.com/products/muestra-de-damas-clasicas-beige,products,es,muestra-de-damas-clasicas-beige,
https://www.matchwalls.com/products/muestra-de-damas-clasicas-gris,products,es,muestra-de-damas-clasicas-gris,
https://www.matchwalls.com/products/muestra-de-damas-clasicas-lila,products,es,muestra-de-damas-clasicas-lila,
https://www.matchwalls.com/products/muestra-de-damas-clasicas-verde,products,es,muestra-de-damas-clasicas-verde,
https://www.matchwalls.com/products/muestra-de-floral-symphony-multicolor,products,es,muestra-de-floral-symphony-multicolor,
https://www.matchwalls.com/products/muestra-de-forest-study-retreat,products,es,muestra-de-forest-study-retreat,
https://www.matchwalls.com/products/muestra-de-golden-woodland-amarillo,products,es,muestra-de-golden-woodland-amarillo,
https://www.matchwalls.com/products/muestra-de-golden-woodland-lila,products,es,muestra-de-golden-woodland-lila,
https://www.matchwalls.com/products/muestra-de-golden-woodland-marron,products,es,muestra-de-golden-woodland-marron,
https://www.matchwalls.com/products/muestra-de-golden-woodland-rosa,products,es,muestra-de-golden-woodland-rosa,
https://www.matchwalls.com/products/muestra-de-golden-woodland-verde,products,es,muestra-de-golden-woodland-verde,
https://www.matchwalls.com/products/muestra-de-green-meadow-dreams,products,es,muestra-de-green-meadow-dreams,
https://www.matchwalls.com/products/muestra-de-highland-plaid-marron,products,es,muestra-de-highland-plaid-marron,
https://www.matchwalls.com/products/muestra-de-highland-plaid-rosa,products,es,muestra-de-highland-plaid-rosa,
https://www.matchwalls.com/products/muestra-de-highland-plaid-verde,products,es,muestra-de-highland-plaid-verde,
https://www.matchwalls.com/products/muestra-de-jungle-safari-adventure,products,es,muestra-de-jungle-safari-adventure,
https://www.matchwalls.com/products/muestra-de-misty-blossom-azul,products,es,muestra-de-misty-blossom-azul,
https://www.matchwalls.com/products/muestra-de-misty-blossom-gris,products,es,muestra-de-misty-blossom-gris,
https://www.matchwalls.com/products/muestra-de-misty-blossom-lila,products,es,muestra-de-misty-blossom-lila,
https://www.matchwalls.com/products/muestra-de-misty-blossom-verde,products,es,muestra-de-misty-blossom-verde,
https://www.matchwalls.com/products/muestra-de-peaks-azul,products,es,muestra-de-peaks-azul,
https://www.matchwalls.com/products/muestra-de-peaks-gris,products,es,muestra-de-peaks-gris,
https://www.matchwalls.com/products/muestra-de-peaks-rosa,products,es,muestra-de-peaks-rosa,
https://www.matchwalls.com/products/muestra-de-peaks-verde,products,es,muestra-de-peaks-verde,
https://www.matchwalls.com/products/muestra-de-playful-stripes-amarillo,products,es,muestra-de-playful-stripes-amarillo,
https://www.matchwalls.com/products/muestra-de-playful-stripes-azul,products,es,muestra-de-playful-stripes-azul,
https://www.matchwalls.com/products/muestra-de-playful-stripes-beige,products,es,muestra-de-playful-stripes-beige,
https://www.matchwalls.com/products/muestra-de-playful-stripes-multicolor,products,es,muestra-de-playful-stripes-multicolor,
https://www.matchwalls.com/products/muestra-de-puzzle-de-letras-azul,products,es,muestra-de-puzzle-de-letras-azul,
https://www.matchwalls.com/products/muestra-de-puzzle-de-letras-blanco-y-negro,products,es,muestra-de-puzzle-de-letras-blanco-y-negro,
https://www.matchwalls.com/products/muestra-de-puzzle-de-letras-lila,products,es,muestra-de-puzzle-de-letras-lila,
https://www.matchwalls.com/products/muestra-de-puzzle-de-letras-marron,products,es,muestra-de-puzzle-de-letras-marron,
https://www.matchwalls.com/products/muestra-de-puzzle-de-letras-verde,products,es,muestra-de-puzzle-de-letras-verde,
https://www.matchwalls.com/products/muestra-de-stripe-harmony-azul,products,es,muestra-de-stripe-harmony-azul,
https://www.matchwalls.com/products/muestra-de-stripe-harmony-multicolor,products,es,muestra-de-stripe-harmony-multicolor,
https://www.matchwalls.com/products/muestra-de-stripe-harmony-rosa,products,es,muestra-de-stripe-harmony-rosa,
https://www.matchwalls.com/products/muestra-de-stripe-harmony-verde,products,es,muestra-de-stripe-harmony-verde,
https://www.matchwalls.com/products/muestra-de-tartan-contemporaneo-amarillo,products,es,muestra-de-tartan-contemporaneo-amarillo,
https://www.matchwalls.com/products/muestra-de-tartan-contemporaneo-azul,products,es,muestra-de-tartan-contemporaneo-azul,
https://www.matchwalls.com/products/muestra-de-tartan-contemporaneo-beige,products,es,muestra-de-tartan-contemporaneo-beige,
https://www.matchwalls.com/products/muestra-de-tartan-contemporaneo-gris,products,es,muestra-de-tartan-contemporaneo-gris,
https://www.matchwalls.com/products/muestra-de-tartan-contemporaneo-rosa,products,es,muestra-de-tartan-contemporaneo-rosa,
https://www.matchwalls.com/products/muestra-de-tartan-contemporaneo-verde,products,es,muestra-de-tartan-contemporaneo-verde,
https://www.matchwalls.com/products/muestra-de-tartan-sutil-beige,products,es,muestra-de-tartan-sutil-beige,
https://www.matchwalls.com/products/muestra-de-tartan-sutil-lila,products,es,muestra-de-tartan-sutil-lila,
https://www.matchwalls.com/products/muestra-de-tartan-sutil-marron,products,es,muestra-de-tartan-sutil-marron,
https://www.matchwalls.com/products/muestra-de-tartan-sutil-rosa,products,es,muestra-de-tartan-sutil-rosa,
https://www.matchwalls.com/products/muestra-de-tartan-sutil-verde,products,es,muestra-de-tartan-sutil-verde,
https://www.matchwalls.com/products/muestra-de-verdant-valle-azul,products,es,muestra-de-verdant-valle-azul,
https://www.matchwalls.com/products/muestra-de-verdant-valle-beige,products,es,muestra-de-verdant-valle-beige,
https://www.matchwalls.com/products/muestra-de-verdant-valle-gris,products,es,muestra-de-verdant-valle-gris,
https://www.matchwalls.com/products/muestra-de-verdant-valle-rosa,products,es,muestra-de-verdant-valle-rosa,
https://www.matchwalls.com/products/muestra-de-verdant-valle-verde,products,es,muestra-de-verdant-valle-verde,
https://www.matchwalls.com/products/muestra-de-whispering-forest-azul,products,es,muestra-de-whispering-forest-azul,
https://www.matchwalls.com/products/muestra-de-whispering-forest-gris,products,es,muestra-de-whispering-forest-gris,
https://www.matchwalls.com/products/muestra-de-whispering-forest-marron,products,es,muestra-de-whispering-forest-marron,
https://www.matchwalls.com/products/muestra-de-whispering-forest-rosa,products,es,muestra-de-whispering-forest-rosa,
https://www.matchwalls.com/products/muestra-de-whispering-forest-verde,products,es,muestra-de-whispering-forest-verde,
https://www.matchwalls.com/products/muestra-de-wildflower-whisper-azul,products,es,muestra-de-wildflower-whisper-azul,
https://www.matchwalls.com/products/muestra-de-wildflower-whisper-lila,products,es,muestra-de-wildflower-whisper-lila,
https://www.matchwalls.com/products/muestra-de-wildflower-whisper-marron,products,es,muestra-de-wildflower-whisper-marron,
https://www.matchwalls.com/products/muestra-de-wildflower-whisper-multicolor,products,es,muestra-de-wildflower-whisper-multicolor,
https://www.matchwalls.com/products/muestra-de-wildflower-whisper-rosa,products,es,muestra-de-wildflower-whisper-rosa,
https://www.matchwalls.com/products/muestra-de-world-explorer-azul,products,es,muestra-de-world-explorer-azul,
https://www.matchwalls.com/products/muestra-de-world-explorer-gris,products,es,muestra-de-world-explorer-gris,
https://www.matchwalls.com/products/muestra-de-world-explorer-marron,products,es,muestra-de-world-explorer-marron,
https://www.matchwalls.com/products/muestra-de-world-explorer-rosa,products,es,muestra-de-world-explorer-rosa,
https://www.matchwalls.com/products/muestra-de-world-explorer-verde,products,es,muestra-de-world-explorer-verde,
https://www.matchwalls.com/pt/products/amostra-amarela-de-listras-divertidas,products,pt,amostra-amarela-de-listras-divertidas,
https://www.matchwalls.com/pt/products/amostra-azul-de-confete-da-cidade,products,pt,amostra-azul-de-confete-da-cidade,
https://www.matchwalls.com/pt/products/amostra-azul-de-flor-enevoada,products,pt,amostra-azul-de-flor-enevoada,
https://www.matchwalls.com/pt/products/amostra-azul-de-listra-de-harmonia,products,pt,amostra-azul-de-listra-de-harmonia,
https://www.matchwalls.com/pt/products/amostra-azul-de-listras-divertidas,products,pt,amostra-azul-de-listras-divertidas,
https://www.matchwalls.com/pt/products/amostra-azul-de-tartan-contemporaneo,products,pt,amostra-azul-de-tartan-contemporaneo,
https://www.matchwalls.com/pt/products/amostra-azul-sussurro-de-flores-silvestres,products,pt,amostra-azul-sussurro-de-flores-silvestres,
https://www.matchwalls.com/pt/products/amostra-bege-contemporanea-de-tartan,products,pt,amostra-bege-contemporanea-de-tartan,
https://www.matchwalls.com/pt/products/amostra-blue-world-explorer,products,pt,amostra-blue-world-explorer,
https://www.matchwalls.com/pt/products/amostra-cinza-classica-feminina,products,pt,amostra-cinza-classica-feminina,
https://www.matchwalls.com/pt/products/amostra-cinza-do-explorador-mundial,products,pt,amostra-cinza-do-explorador-mundial,
https://www.matchwalls.com/pt/products/amostra-cinza-enevoada-em-flor-cinza,products,pt,amostra-cinza-enevoada-em-flor-cinza,
https://www.matchwalls.com/pt/products/amostra-classica-contemporanea-azul,products,pt,amostra-classica-contemporanea-azul,
https://www.matchwalls.com/pt/products/amostra-classica-contemporanea-bege,products,pt,amostra-classica-contemporanea-bege,
https://www.matchwalls.com/pt/products/amostra-classica-contemporanea-cinza,products,pt,amostra-classica-contemporanea-cinza,
https://www.matchwalls.com/pt/products/amostra-classica-contemporanea-rosa,products,pt,amostra-classica-contemporanea-rosa,
https://www.matchwalls.com/pt/products/amostra-classica-contemporanea-verde,products,pt,amostra-classica-contemporanea-verde,
https://www.matchwalls.com/pt/products/amostra-da-highland-plaid-marron,products,pt,amostra-da-highland-plaid-marron,
https://www.matchwalls.com/pt/products/amostra-de-aventura-de-safari-na-selva,products,pt,amostra-de-aventura-de-safari-na-selva,
https://www.matchwalls.com/pt/products/amostra-de-confete-bege-da-paisagem-urbana,products,pt,amostra-de-confete-bege-da-paisagem-urbana,
https://www.matchwalls.com/pt/products/amostra-de-danca-cosmica-azul,products,pt,amostra-de-danca-cosmica-azul,
https://www.matchwalls.com/pt/products/amostra-de-floresta-dourada-amarela,products,pt,amostra-de-floresta-dourada-amarela,
https://www.matchwalls.com/pt/products/amostra-de-grade-classica-azul,products,pt,amostra-de-grade-classica-azul,
https://www.matchwalls.com/pt/products/amostra-de-grade-classica-cinza,products,pt,amostra-de-grade-classica-cinza,
https://www.matchwalls.com/pt/products/amostra-de-grade-classica-em-preto-e-branco,products,pt,amostra-de-grade-classica-em-preto-e-branco,
https://www.matchwalls.com/pt/products/amostra-de-grade-classica-rosa,products,pt,amostra-de-grade-classica-rosa,
https://www.matchwalls.com/pt/products/amostra-de-grade-classica-verde,products,pt,amostra-de-grade-classica-verde,
https://www.matchwalls.com/pt/products/amostra-de-lila-de-floresta-dourada,products,pt,amostra-de-lila-de-floresta-dourada,
https://www.matchwalls.com/pt/products/amostra-de-listra-de-harmonia-multicolor,products,pt,amostra-de-listra-de-harmonia-multicolor,
https://www.matchwalls.com/pt/products/amostra-de-listra-de-harmonia-rosa,products,pt,amostra-de-listra-de-harmonia-rosa,
https://www.matchwalls.com/pt/products/amostra-de-listras-divertidas-multicoloridas,products,pt,amostra-de-listras-divertidas-multicoloridas,
https://www.matchwalls.com/pt/products/amostra-de-mulheres-classicas-azuis,products,pt,amostra-de-mulheres-classicas-azuis,
https://www.matchwalls.com/pt/products/amostra-de-multicolor-sinfonia-floral,products,pt,amostra-de-multicolor-sinfonia-floral,
https://www.matchwalls.com/pt/products/amostra-de-picos-azuis,products,pt,amostra-de-picos-azuis,
https://www.matchwalls.com/pt/products/amostra-de-picos-de-cinza,products,pt,amostra-de-picos-de-cinza,
https://www.matchwalls.com/pt/products/amostra-de-picos-rosa,products,pt,amostra-de-picos-rosa,
https://www.matchwalls.com/pt/products/amostra-de-picos-verdes,products,pt,amostra-de-picos-verdes,
https://www.matchwalls.com/pt/products/amostra-de-quebra-cabeca-azul,products,pt,amostra-de-quebra-cabeca-azul,
https://www.matchwalls.com/pt/products/amostra-de-quebra-cabeca-preto-e-branco-preto-e-branco,products,pt,amostra-de-quebra-cabeca-preto-e-branco-preto-e-branco,
https://www.matchwalls.com/pt/products/amostra-de-rosa-de-floresta-dourada,products,pt,amostra-de-rosa-de-floresta-dourada,
https://www.matchwalls.com/pt/products/amostra-de-senhoras-bege-classicas,products,pt,amostra-de-senhoras-bege-classicas,
https://www.matchwalls.com/pt/products/amostra-de-senhoras-classicas-lilac,products,pt,amostra-de-senhoras-classicas-lilac,
https://www.matchwalls.com/pt/products/amostra-de-sonhos-de-prado-verde,products,pt,amostra-de-sonhos-de-prado-verde,
https://www.matchwalls.com/pt/products/amostra-de-sucina-marrom,products,pt,amostra-de-sucina-marrom,
https://www.matchwalls.com/pt/products/amostra-de-sussurro-da-floresta-azul,products,pt,amostra-de-sussurro-da-floresta-azul,
https://www.matchwalls.com/pt/products/amostra-de-sussurro-da-floresta-cinza-1,products,pt,amostra-de-sussurro-da-floresta-cinza-1,
https://www.matchwalls.com/pt/products/amostra-de-sussurro-da-floresta-marrom,products,pt,amostra-de-sussurro-da-floresta-marrom,
https://www.matchwalls.com/pt/products/amostra-de-sussurro-da-floresta-verde,products,pt,amostra-de-sussurro-da-floresta-verde,
https://www.matchwalls.com/pt/products/amostra-de-sussurro-rosa-florestal,products,pt,amostra-de-sussurro-rosa-florestal,
https://www.matchwalls.com/pt/products/amostra-de-tartan-bege-sutil,products,pt,amostra-de-tartan-bege-sutil,
https://www.matchwalls.com/pt/products/amostra-de-tartan-contemporaneo-amarelo,products,pt,amostra-de-tartan-contemporaneo-amarelo,
https://www.matchwalls.com/pt/products/amostra-de-tartan-contemporaneo-cinza,products,pt,amostra-de-tartan-contemporaneo-cinza,
https://www.matchwalls.com/pt/products/amostra-de-tartan-contemporaneo-rosa,products,pt,amostra-de-tartan-contemporaneo-rosa,
https://www.matchwalls.com/pt/products/amostra-de-tartan-contemporaneo-verde,products,pt,amostra-de-tartan-contemporaneo-verde,
https://www.matchwalls.com/pt/products/amostra-dourada-da-floresta-dourada,products,pt,amostra-dourada-da-floresta-dourada,
https://www.matchwalls.com/pt/products/amostra-enevoada-de-flor-lila,products,pt,amostra-enevoada-de-flor-lila,
https://www.matchwalls.com/pt/products/amostra-marrom-da-floresta-dourada,products,pt,amostra-marrom-da-floresta-dourada,
https://www.matchwalls.com/pt/products/amostra-marrom-do-explorador-mundial,products,pt,amostra-marrom-do-explorador-mundial,
https://www.matchwalls.com/pt/products/amostra-marrom-sussurro-de-flores-silvestres,products,pt,amostra-marrom-sussurro-de-flores-silvestres,
https://www.matchwalls.com/pt/products/amostra-multicolor-de-confete-da-cidade,products,pt,amostra-multicolor-de-confete-da-cidade,
https://www.matchwalls.com/pt/products/amostra-multicolorida-sussurro-de-flores-silvestres,products,pt,amostra-multicolorida-sussurro-de-flores-silvestres,
https://www.matchwalls.com/pt/products/amostra-rosa-de-confete-da-cidade,products,pt,amostra-rosa-de-confete-da-cidade,
https://www.matchwalls.com/pt/products/amostra-rosa-do-explorador-mundial,products,pt,amostra-rosa-do-explorador-mundial,
https://www.matchwalls.com/pt/products/amostra-rosa-sussurro-de-flores-silvestres,products,pt,amostra-rosa-sussurro-de-flores-silvestres,
https://www.matchwalls.com/pt/products/amostra-rosa-xadrez-das-montanhas,products,pt,amostra-rosa-xadrez-das-montanhas,
https://www.matchwalls.com/pt/products/amostra-sutil-de-tartan-rosa,products,pt,amostra-sutil-de-tartan-rosa,
https://www.matchwalls.com/pt/products/amostra-sutil-de-tartan-verde,products,pt,amostra-sutil-de-tartan-verde,
https://www.matchwalls.com/pt/products/amostra-sutil-lilac,products,pt,amostra-sutil-lilac,
https://www.matchwalls.com/pt/products/amostra-verde-classica-de-senhoras,products,pt,amostra-verde-classica-de-senhoras,
https://www.matchwalls.com/pt/products/amostra-verde-da-paisagem-da-cidade,products,pt,amostra-verde-da-paisagem-da-cidade,
https://www.matchwalls.com/pt/products/amostra-verde-de-flor-enevoada,products,pt,amostra-verde-de-flor-enevoada,
https://www.matchwalls.com/pt/products/amostra-verde-de-quebra-cabeca,products,pt,amostra-verde-de-quebra-cabeca,
https://www.matchwalls.com/pt/products/amostra-verde-do-explorador-mundial,products,pt,amostra-verde-do-explorador-mundial,
https://www.matchwalls.com/pt/products/amostra-verde-xadrez-das-montanhas,products,pt,amostra-verde-xadrez-das-montanhas,
https://www.matchwalls.com/pt/products/amostra-verdejante-cinza,products,pt,amostra-verdejante-cinza,
https://www.matchwalls.com/pt/products/amostra-verdejante-de-bege-valle,products,pt,amostra-verdejante-de-bege-valle,
https://www.matchwalls.com/pt/products/amostra-verdejante-de-valle-rosa,products,pt,amostra-verdejante-de-valle-rosa,
https://www.matchwalls.com/pt/products/amostra-verdejante-do-valle-azul,products,pt,amostra-verdejante-do-valle-azul,
https://www.matchwalls.com/pt/products/amostra-verdejante-do-valle-verde,products,pt,amostra-verdejante-do-valle-verde,
https://www.matchwalls.com/pt/products/curvas-pretas-amostra-abstrata,products,pt,curvas-pretas-amostra-abstrata,
https://www.matchwalls.com/pt/products/estudo-florestal-amostra-reconhecida,products,pt,estudo-florestal-amostra-reconhecida,
https://www.matchwalls.com/pt/products/harmony-green-stripe-amostra,products,pt,harmony-green-stripe-amostra,
https://www.matchwalls.com/pt/products/listras-bege-listras-ludicas,products,pt,listras-bege-listras-ludicas,
https://www.matchwalls.com/pt/products/muestra-de-wildflower-whisper-lila,products,pt,muestra-de-wildflower-whisper-lila,
https://www.matchwalls.com/pt/products/puzzle-show-of-lila-letters-2,products,pt,puzzle-show-of-lila-letters-2,
https://www.matchwalls.com/pt/products/quebra-cabeca-de-letras-marrom,products,pt,quebra-cabeca-de-letras-marrom,
