location,source,target
navigation[493550174435][title],PROFESIONAL,PROFESSIONAL
navigation[493550239971][title],"B2B Interiorismo","B2B Innenraum"
navigation[493550272739][title],"Social, Prensa & Afiliación","Soziales, Presse und Zugehörigkeit"
navigation[493550305507][title],"Artistas & Diseñadores","Künstler und Designer"
navigation[493550338275][title],BRAND,Marke
navigation[493550371043][title],"Tarjeta regalo",Geschenkkarte
navigation[493550403811][title],"Nuestros productos","Unsere Produkte"
navigation[493550469347][title],Sostenibilidad,Nachhaltigkeit
navigation[493550502115][title],AYUDA,HILFE
navigation[493550534883][title],"Envíos y devoluciones","Sendungen und Rückkehr"
navigation[493550567651][title],"Financiación y métodos de pago","Finanzierungs- und Zahlungsmethoden"
navigation[493550600419][title],"Preguntas frecuentes","Häufige Fragen"
navigation[493550633187][title],"Consejos instalación",Installationstipps
navigation[493550665955][title],"Atención al cliente",Kundendienst
navigation[493550698723][title],Contacto,Kontakt
navigation[493550731491][title],LEGAL,Legal
navigation[493550764259][title],"Política de privacidad",Datenschutzrichtlinie
navigation[493550797027][title],"Política de cookies","Cookies -Richtlinien"
navigation[493550829795][title],"Términos y condiciones",Geschäftsbedingungen
navigation[493550862563][title],"Aviso legal","Rechtliche Bekanntmachung"
navigation[493555417315][title],Colores,Farben
navigation[493555548387][title],Estilos,Stile
navigation[493555581155][title],"Todos los estilos","Alle Stile"
navigation[493555613923][title],Paisajes,Landschaften
navigation[493555646691][title],Artístico,Künstlerisch
navigation[493555810531][title],Espacios,Räume
navigation[493555843299][title],Salón,Lounge
navigation[493555876067][title],Comedor,Esszimmer
navigation[493555908835][title],"Oficina en casa",Innenministerium
navigation[493556531427][title],"B2B tiendas de interiorismo","B2B Einrichtungsfachgeschäfte"
navigation[493556564195][title],"B2B estudios de interiorismo y arquitectura, hoteles y espacios públicos","B2B Innenarchitektur- und Architekturbüros, Hotels und öffentliche Räume"
navigation[493556596963][title],"Social, prensa y afiliación","Social, Presse und Affiliate"
navigation[493556629731][title],"Artistas y diseñadores","Künstler und Designer"
navigation[493556793571][title],"Envíos y Devoluciones","Sendungen und Rückkehr"
navigation[493556826339][title],"Financiación y Métodos de pago","Finanzierungs- und Zahlungsmethoden"
navigation[493556859107][title],"Preguntas Frecuentes","Häufige Fragen"
navigation[493556924643][title],"Atención al cliente",Kundendienst
navigation[493556957411][title],Contacto,Kontakt
navigation[493557022947][title],"Política de cookies",Cookie-Richtlinie
navigation[493557055715][title],"Condiciones de uso de la web","Nutzungsbedingungen der Website"
navigation[493557088483][title],"Aviso legal",Impressum
navigation[494947631331][title],"Sobre nosotros","Über uns"
navigation[494947926243][title],"Nuestros productos","Unsere Produkte"
navigation[494947959011][title],"Sobre nosotros","Über uns"
navigation[494947991779][title],Sostenibilidad,Nachhaltigkeit
navigation[494950613219][title],Inspiración,Inspiration
navigation[494988755171][title],Categorías,Kategorien
navigation[494991540451][title],"Consejos de instalación",Installationstipps
navigation[495008121059][title],"Solicita tu muestra","Muster anfordern"
navigation[495333638371][title],Profesionales,Profis
navigation[495333671139][title],"B2B tiendas decoración","B2B -Dekorationsgeschäfte"
navigation[495333703907][title],"B2B interioristas, arquitectos, Hoteles y comercial.","B2B Interioristas, Architekten, Hotels und Werbung."
navigation[495449178339][title],"FAQ - Envíos y devoluciones","FAQ - Versand und Rückgabe"
navigation[495449211107][title],"Crea tu propio papel pintado","Erstelle deine eigene Tapete"
navigation[495449243875][title],"Crea tu mural personalizado","Erstelle dein individuelles Wandbild"
navigation[495453012195][title],"B2B tienda interiorismo","B2B Internalismus Store"
navigation[496053289187][title],"Condiciones de venta online",Online-Verkaufsbedingungen
navigation[496672702691][title],"Elegancia asegurada","Versicherte Eleganz"
navigation[496672735459][title],"Más vendidos",Bestverkauf
navigation[496672768227][title],"Nuevos Matchwalls ","Neue Matchwalls "
navigation[496672800995][title],Kids,Kinder
navigation[496672866531][title],Paisajes,Landschaften
navigation[496672899299][title],Floral,Blumen
navigation[496672932067][title],"Lujo neutro","Neutraler Luxus"
navigation[497161568483][title],"Cómo tomar medidas de paredes","Wände richtig messen"
navigation[497161601251][title],"Cómo tomar medidas del techo","Decke richtig messen"
navigation[498783551715][title],Personalización,Personalisierung
navigation[499567198435][title],Botánico,Botanisch
navigation[499567231203][title],Floral,Blumen
navigation[499567263971][title],Gráfico,Grafik
navigation[499567296739][title],Geométrico,Geometrisch
navigation[499567329507][title],Naturaleza,Natur
navigation[499567362275][title],Rayas,Streifen
navigation[499567395043][title],3D,3d
navigation[499567427811][title],Japonés,japanisch
navigation[499567460579][title],Mármol,Marmor
navigation[499567526115][title],Maderas,Holz
navigation[499567952099][title],Cocina,Küche
navigation[499567984867][title],Dormitorio,Schlafzimmer
navigation[499568017635][title],Pasillo,Gang
navigation[499568050403][title],"Habitación infantil",Kinderzimmer
navigation[499568083171][title],Adolescentes,Teenager
navigation[499568115939][title],"Oficina comercial",Handelsbüro
navigation[499568148707][title],"Espacio Público","Öffentlicher Raum"
navigation[503255138531][title],"B2B hoteles y contract","B2B Hotels und Objektprojekte"
navigation[503543070947][title],"Ver todos","Sehen Sie alle"
navigation[503544086755][title],"Todos los papeles pintados","Alle gemalten Papiere"
navigation[503544119523][title],Estilos,Stile
navigation[503544152291][title],Colores,Farben
navigation[503544185059][title],Espacios,Räume
navigation[503544217827][title],"Más vendidos",Bestverkauf
navigation[503544250595][title],"Nuevos Matchwalls ","Neue Matchwalls "
navigation[503544283363][title],"Elegancia asegurada","Versicherte Eleganz"
navigation[503544316131][title],Kids,Kinder
navigation[503544348899][title],"Lo más contemporáneo","Das zeitgemäße"
navigation[503544381667][title],"Clásicos para disfrutar","Klassiker zu genießen"
navigation[503544414435][title],"Lujo neutro","Neutraler Luxus"
navigation[503544545507][title],"Ver todo","Sehen Sie alles"
navigation[503544578275][title],Paisajes,Landschaften
navigation[503544611043][title],Artístico,Künstlerisch
navigation[503544643811][title],Botánico,Botanisch
navigation[503544676579][title],Floral,Blumen
navigation[503544709347][title],Gráfico,Grafik
navigation[503544742115][title],Geométrico,Geometrisch
navigation[503544774883][title],Naturaleza,Natur
navigation[503544807651][title],Rayas,Streifen
navigation[503544840419][title],Estructura,Struktur
navigation[503544873187][title],Japonés,japanisch
navigation[503544905955][title],Mármol,Marmor
navigation[503544938723][title],Maderas,Holz
navigation[503544971491][title],Kids,Kinder
navigation[503545888995][title],Salón,Lounge
navigation[503545921763][title],Comedor,Esszimmer
navigation[503545954531][title],Cocina,Küche
navigation[503545987299][title],Dormitorio,Schlafzimmer
navigation[503546020067][title],Pasillo,Gang
navigation[503546052835][title],"Habitación infantil",Kinderzimmer
navigation[503546085603][title],Adolescentes,Teenager
navigation[503546118371][title],"Oficina en casa",Innenministerium
navigation[503546151139][title],"Oficina comercial",Handelsbüro
navigation[503546183907][title],"Espacio Público","Öffentlicher Raum"
navigation[503546249443][title],"Crea tu propio mural","Erstellen Sie Ihr eigenes Wandbild"
navigation[503546282211][title],"Crea tu propio papel pintado","Erstellen Sie Ihr eigenes Hintergrundbild"
navigation[503935729891][title],Professionals,Profis
navigation[503950508259][title],"Todos los espacios","Alle Räume"
navigation[521971630307][title],Orders,Bestellungen
navigation[524972654819][title],Patrones,Muster
navigation[525043466467][title],Patrones,Muster
navigation[527653830883][title],Baño,Badezimmer
navigation[712927969656][title],Popular,Beliebt
navigation[712928002424][title],Infantiles,Kinder
navigation[712928035192][title],Paisajes,Landschaften
navigation[712928067960][title],Botanico,Botanisch
navigation[712928100728][title],Geometrico,Geometrisch
navigation[712928821624][title],Floral,Blumen
navigation[713055142264][title],"Personalización ","Personalisierung "
navigation[713055175032][title],"Crea tu propio papel pintado","Erstellen Sie Ihr eigenes Hintergrundbild"
navigation[713055207800][title],"Crea tu propio mural","Erstellen Sie Ihr eigenes Wandbild"
navigation[713055240568][title],"Profesionales ","Profis "
navigation[713118876024][title],"Your Privacy Choices",Datenschutzoptionen
navigation[715666751864][title],"Blanco y Negro","Schwarz und Weiß"
navigation[715666784632][title],Azul,Blau
navigation[715666817400][title],Amarillo,Gelb
navigation[715666850168][title],Blanco,Weiß
navigation[715666882936][title],Beige,Beige
navigation[715666915704][title],Negro,Schwarz
navigation[715666948472][title],Gris,Grau
navigation[715666981240][title],Marrón,Braun
navigation[715667014008][title],Rosa,Rosa
navigation[715667046776][title],Lila,Lila
navigation[715667079544][title],Verde,Grün
navigation[715667112312][title],Dorado,Golden
navigation[715667145080][title],Plateado,Silber
navigation[715667177848][title],Multicolor,Mehrfarbig
navigation[715667210616][title],"Blanco y Negro","Schwarz und Weiß"
navigation[715667243384][title],Azul,Blau
navigation[715667276152][title],Amarillo,Gelb
navigation[715667308920][title],Blanco,Weiß
navigation[715667341688][title],Beige,Beige
navigation[715667374456][title],Negro,Schwarz
navigation[715667407224][title],Gris,Grau
navigation[715667439992][title],Marrón,Braun
navigation[715667472760][title],Rosa,Rosa
navigation[715667505528][title],Lila,Lila
navigation[715667538296][title],Verde,Grün
navigation[715667571064][title],Dorado,Golden
navigation[715667603832][title],Plateado,Silber
navigation[715667636600][title],Multicolor,Mehrfarbig
navigation[715777147256][title],Naturaleza,Natur
navigation[715777180024][title],Rayas,Streifen
navigation[715857887608][title],Patrones,Muster
navigation[715887903096][title],Baño,Badezimmer
navigation[715896029560][title],Ofertas,Angebote
navigation[715896062328][title],Ofertas,Angebote
navigation[716002492792][title],"Ver todo","Sehen Sie alles"
navigation[716142379384][title],Botánico,Botanisch
navigation[716142412152][title],Patrones,Muster
navigation[716142444920][title],Paisajes,Landschaften
navigation[716142477688][title],Geométricos,Geometrisch
navigation[716142510456][title],Floral,Blumen
navigation[716142543224][title],Infantiles,Kinder
navigation[716142575992][title],Naturaleza,Natur
navigation[716142608760][title],Rayas,Streifen
navigation[716142674296][title],"Categorías destacadas","Herausragende Kategorien"
navigation[716143034744][title],"Todas las categorías","Alle Kategorien"
navigation[716143067512][title],"Todos los colores","Alle Farben"
navigation[716143100280][title],Geométrico,Geometrisch
navigation[716143264120][title],Profesionales,Profis
navigation[732636381560][title],Perfil,
